Label,Address,Zipcode
AVAILABLE,10406 Stonefield Place,78254
AVAILABLE,10531 Stone Creek Place,78254
AVAILABLE,10414 Goldstone Drive,78254
AVAILABLE,10330 Wilderness Gap,78254
AVAILABLE,9614 Diamond Gap,78254
AVAILABLE,10219 Stone Garden,78254
AVAILABLE,9238 Shadystone Drive,78254
AVAILABLE,10314 Stonefield Place,78254
AVAILABLE,9214 Stone Edge Place,78254
AVAILABLE,9847 Addersley Drive,78254
AVAILABLE,8915 Rachels Branch,78254
AVAILABLE,10202 Stonefield Place,78254
AVAILABLE,1614 Morning Sun,78228
AVAILABLE,6107 Millbank Drive,78238
AVAILABLE,5928 Millbank Drive,78238
AVAILABLE,5602 Sunkist,78228
AVAILABLE,1803 Oxhill Drive,78238
AVAILABLE,5822 Farragut Drive,78228
AVAILABLE,6018 Lockend Street,78238
AVAILABLE,5930 Topcroft Drive,78238
AVAILABLE,2514 Darwin Drive,78228
AVAILABLE,2503 Bunsen Street,78228
AVAILABLE,5926 Town Hill Drive,78238
AVAILABLE,5822 Goodyear Drive,78228
AVAILABLE,2925 Wacos Drive,78238
AVAILABLE,2323 Painted Sky Street,78238
AVAILABLE,2902 Wacos Drive,78238
AVAILABLE,1502 Melissa Sue,78228
AVAILABLE,2003 Darwin Drive,78228
AVAILABLE,5903 Fermi Drive,78228
AVAILABLE,2406 Town Cliff Circle,78238
AVAILABLE,1515 Moortown Drive,78238
AVAILABLE,5926 Bennington Drive,78228
AVAILABLE,2822 Aspen Meadow,78238
AVAILABLE,6007 Town Creek,78238
AVAILABLE,6202 War Princess Drive,78238
AVAILABLE,2407 Town Ridge Drive,78238
AVAILABLE,2335 Town Grove Drive,78238
AVAILABLE,2519 Townfield Drive,78238
AVAILABLE,3115 Wacos Drive,78238
AVAILABLE,2319 Halleck Drive,78228
AVAILABLE,6022 Town Hill Drive,78238
AVAILABLE,6206 Farragut Drive,78238
AVAILABLE,3010 War Knife Street,78238
AVAILABLE,5818 Kepler Drive,78228
AVAILABLE,2110 Jim Bowie Street,78238
AVAILABLE,4120 Callaghan Road,78228
AVAILABLE,2806 Darwin Drive,78228
AVAILABLE,2711 Dennler Drive,78238
AVAILABLE,2114 Davy Crockett Drive,78238
AVAILABLE,2526 Marilyn Kay Street,78238
AVAILABLE,6118 Town Hill Drive,78238
AVAILABLE,5818 Bennington Drive,78228
AVAILABLE,5411 King Richard Street,78229
AVAILABLE,5519 King Richard Street,78229
AVAILABLE,5702 Gabor Drive,78240
AVAILABLE,5819 Angie Place,78240
AVAILABLE,2323 Painted Sky Street,78238
AVAILABLE,6239 Cairo Drive,78229
AVAILABLE,423 Neff,78201
AVAILABLE,8730 Maverick Rim,78250
AVAILABLE,7514 Silent Elks,78250
AVAILABLE,7330 Wickahoney Drive,78250
AVAILABLE,1602 Rivas Street,78207
AVAILABLE,1211 North Hamilton Avenue,78207
AVAILABLE,6142 Millbank Drive,78238
AVAILABLE,7414 Kentisbury Drive,78251
AVAILABLE,9518 Wind Dancer,78251
AVAILABLE,9022 Koenig,78251
AVAILABLE,2330 Fox Meadow Drive,78251
AVAILABLE,5926 Bennington Drive,78228
AVAILABLE,9323 Foxgrove Way,78251
AVAILABLE,1630 Estonia Grey,78251
AVAILABLE,2927 Wacos Drive,78238
AVAILABLE,5914 Sunrise Bend Drive,78244
AVAILABLE,3014 Red River Trail,78238
AVAILABLE,4143 Winter Sunrise Drive,78244
AVAILABLE,4710 Oakley Farm,78244
AVAILABLE,8511 Wood Bow,78251
AVAILABLE,8510 Oak Branch,78251
AVAILABLE,8510 Wood Falls,78251
AVAILABLE,8627 Brisa Royale,78251
AVAILABLE,6102 Joes Farm,78244
AVAILABLE,7507 Pipers Lane,78251
AVAILABLE,5018 Shara Mist,78251
AVAILABLE,9867 Lauren Mist,78251
AVAILABLE,5110 Meadow Cove,78250
AVAILABLE,8718 Timberwilde Street,78250
AVAILABLE,4335 Griffin Park Drive,78251
AVAILABLE,8822 Timbercliff Street,78250
AVAILABLE,6406 Forest Village,78250
AVAILABLE,6603 Kindlewood Street,78238
AVAILABLE,4306 Dauphine Drive,78218
AVAILABLE,7231 Marble Creek Drive,78238
AVAILABLE,9703 Hidden Falls,78250
AVAILABLE,6026 Castle View,78218
AVAILABLE,5839 Cliff Walk Drive,78250
AVAILABLE,5911 Prentiss Drive,78240
AVAILABLE,5203 Village Glen,78218
AVAILABLE,6447 Marlin Flats,78244
AVAILABLE,4723 Village View,78218
AVAILABLE,638 Olney Drive,78209
AVAILABLE,5706 Deertail Creek,78251
AVAILABLE,4234 Waikiki Drive,78218
AVAILABLE,4510 Waikiki Drive,78218
AVAILABLE,6123 Valley Tree,78250
AVAILABLE,3731 Van Dyke Drive,78218
AVAILABLE,4714 Allegheny Drive,78229
AVAILABLE,5830 Tranquil Dawn,78218
AVAILABLE,6143 Clematis Trail,78218
AVAILABLE,5659 Lovett Oaks,78218
AVAILABLE,302 Timberlane Drive,78218
AVAILABLE,6003 Ridge Glade Street,78250
AVAILABLE,410 Artemis Drive,78218
AVAILABLE,6003 Cielo Ranch,78218
AVAILABLE,5042 Merlin Drive,78218
AVAILABLE,6215 Cairo Drive,78229
AVAILABLE,7827 Dashwood,78240
AVAILABLE,7618 Cypress Vine,78218
AVAILABLE,5607 Merkens Drive,78240
AVAILABLE,5018 Timber Breeze Street,78250
AVAILABLE,5215 Keystone,78229
AVAILABLE,4902 Village Way,78218
AVAILABLE,6659 Shadow Run,78250
AVAILABLE,9590 Gladeview,78250
AVAILABLE,6523 Joline Lane,78218
AVAILABLE,6241 Valley Castle,78250
AVAILABLE,9419 Almarion Way,78250
AVAILABLE,9801 Ardash Lane,78250
AVAILABLE,7410 Chimney Bluff,78250
AVAILABLE,226 Serna Park,78218
AVAILABLE,6331 Village Club,78250
AVAILABLE,7150 Webbwood Way,78250
AVAILABLE,9419 Greens Point,78250
AVAILABLE,10023 Alms Park Drive,78250
AVAILABLE,7535 Alverstone Way,78250
AVAILABLE,5410 Merlin Drive,78218
AVAILABLE,5236 Gawain Drive,78218
AVAILABLE,6110 Crab Orchard,78240
AVAILABLE,8234 Heritage Park Drive,78240
AVAILABLE,9414 Arbois,78254
AVAILABLE,10015 Ink Wells Drive,78250
AVAILABLE,9604 Hollow Bend,78250
AVAILABLE,8607 London Heights,78254
AVAILABLE,6650 Connie Mack Street,78240
AVAILABLE,8622 Pendragon Street,78254
AVAILABLE,8839 Veranda Court,78250
AVAILABLE,8303 Dragon Street,78254
AVAILABLE,9323 Braun Point,78254
AVAILABLE,9411 Winding Elm Place,78254
AVAILABLE,9330 Autumn Sun,78254
AVAILABLE,9751 Wilderness Sun,78254
AVAILABLE,9502 Beau Bridge,78254
AVAILABLE,9630 Silver Moon,78254
AVAILABLE,9606 Tranquil Park Drive,78254
AVAILABLE,6947 Mickey Mantle Drive,78240
AVAILABLE,9919 Old Mesquite,78254
AVAILABLE,9111 Rosestone Place,78254
AVAILABLE,9326 Fallworth Street,78254
AVAILABLE,9622 Limestone Pond,78254
AVAILABLE,9927 Tezel Road,78254
AVAILABLE,12219 Stable Pass,78249
AVAILABLE,12218 Stable Knoll Drive,78249
AVAILABLE,6130 Windbrooke Street,78249
AVAILABLE,12106 Autumn Vista Street,78249
AVAILABLE,6358 Stable Farm,78249
AVAILABLE,6314 Stable Farm,78249
AVAILABLE,6222 Stable Creek Drive,78249
AVAILABLE,12314 Autumn Vista Street,78249
AVAILABLE,12426 Hart Cliff,78249
AVAILABLE,6219 Stable Point Drive,78249
AVAILABLE,6130 Cloverwood Street,78249
AVAILABLE,6010 Hart Field,78249
AVAILABLE,6350 Rustling Way,78249
AVAILABLE,6326 Rustling Way,78249
AVAILABLE,12423 Wandering Trail,78249
AVAILABLE,6350 Bowman Ridge,78249
AVAILABLE,12511 Wandering Trail,78249
AVAILABLE,12503 Cozy Trail,78249
AVAILABLE,12534 Valle Dezavala,78249
AVAILABLE,6330 Regency Lane,78249
AVAILABLE,13115 Neumann Cove,78249
AVAILABLE,6314 Kingston Ranch,78249
AVAILABLE,5843 Piedmont Glen,78249
AVAILABLE,13110 Aurora Crest,78249
AVAILABLE,13202 Woodthorn Way,78249
AVAILABLE,13142 Regency Bend,78249
AVAILABLE,13402 Purdue Valley,78249
AVAILABLE,13231 Hopkins Glade,78249
AVAILABLE,6123 Kingston Ranch,78249
AVAILABLE,13315 Asbury Vista,78249
AVAILABLE,6407 Regency Cove,78249
AVAILABLE,6335 Regency Wood,78249
AVAILABLE,6231 Pepperdine Bay,78249
AVAILABLE,6055 Valparaiso Way,78249
AVAILABLE,5951 Valparaiso Way,78249
AVAILABLE,10406 Stonefield Place,78254
AVAILABLE,10314 Stonefield Place,78254
AVAILABLE,10202 Stonefield Place,78254
AVAILABLE,10219 Stone Garden,78254
AVAILABLE,10524 Lost Bluff,78240
AVAILABLE,10526 Bluestone Creek,78254
AVAILABLE,10531 Stone Creek Place,78254
AVAILABLE,9214 Stone Edge Place,78254
AVAILABLE,10414 Goldstone Drive,78254
AVAILABLE,10330 Wilderness Gap,78254
AVAILABLE,10707 Rivera Cove,78249
AVAILABLE,7842 Caston Park Drive,78249
AVAILABLE,7806 Caston Park Drive,78249
AVAILABLE,7714 Parkwood Way,78249
AVAILABLE,7610 Parkwood Way,78249
AVAILABLE,10806 Rindle Ranch,78249
AVAILABLE,8018 Rio NIEBLA,78249
AVAILABLE,10922 Redbush Park,78249
AVAILABLE,7628 Briston Park Drive,78249
AVAILABLE,7606 Briston Park Drive,78249
AVAILABLE,10930 Rindle Ranch,78249
AVAILABLE,10983 Redbush Park,78249
AVAILABLE,11006 Oaktree Park,78249
AVAILABLE,7746 Oakhill Park Drive,78249
AVAILABLE,7647 Autumn Park,78249
AVAILABLE,11106 Cedar Park,78249
AVAILABLE,7707 Bonito Park Drive,78249
AVAILABLE,11039 Kimes Park Drive,78249
AVAILABLE,11157 Cedar Park,78249
AVAILABLE,7655 Aspen Park Drive,78249
AVAILABLE,7603 Aspen Park Drive,78249
AVAILABLE,11046 Almond Park,78249
AVAILABLE,7802 Velez Park Drive,78249
AVAILABLE,7203 Autumn Park,78249
AVAILABLE,7331 Autumn Park,78249
AVAILABLE,12010 Treewell Glen,78249
AVAILABLE,8130 Rolling River,78249
AVAILABLE,7884 Sandpiper Park,78249
AVAILABLE,7834 Sandpiper Park,78249
AVAILABLE,11328 Cedar Park,78249
AVAILABLE,12719 Huntsman View Drive,78249
AVAILABLE,12415 Paloma Trail,78249
AVAILABLE,8507 Pioneer Gold,78249
AVAILABLE,8418 Pearl Lagoon,78249
AVAILABLE,12130 Treewell Glen,78249
AVAILABLE,12123 Water Valley,78249
AVAILABLE,7806 Center Spring,78249
AVAILABLE,11430 Cedar Park,78249
AVAILABLE,12831 Hunting Arrow,78249
AVAILABLE,12827 Maple Park Drive,78249
AVAILABLE,12527 Paloma Trail,78249
AVAILABLE,12534 Paloma Trail,78249
AVAILABLE,8207 Rustic Terrace,78249
AVAILABLE,8011 Rustic Terrace,78249
AVAILABLE,7503 Asher Park Drive,78249
AVAILABLE,13003 Beacon Park Drive,78249
AVAILABLE,13031 Hunters Moon,78249
AVAILABLE,13027 Woller Path,78249
AVAILABLE,7567 Corian Park Drive,78249
AVAILABLE,13126 Huntsman Road,78249
AVAILABLE,7302 Bluestone Road,78249
AVAILABLE,13143 Woller Valley,78249
AVAILABLE,13139 Woller Path,78249
AVAILABLE,13255 Greenstone,78249
AVAILABLE,7523 Beaver Tree,78249
AVAILABLE,7310 Chainfire Circle,78249
AVAILABLE,13339 Greenstone,78249
AVAILABLE,7519 Bluestone Road,78249
AVAILABLE,13330 Deer Falls Drive,78249
AVAILABLE,7307 Huntwood Circle,78249
AVAILABLE,7623 Scenic Glade,78249
AVAILABLE,7515 Scenic Glade,78249
AVAILABLE,7758 Nature Pass,78249
AVAILABLE,7718 Nature Pass,78249
AVAILABLE,9518 Powhatan Drive,78230
AVAILABLE,3319 Castledale Street,78230
AVAILABLE,9231 Bingham Street,78230
AVAILABLE,3130 Swandale Street,78230
AVAILABLE,3719 John Alden Drive,78230
AVAILABLE,3703 William Penn Drive,78230
AVAILABLE,3418 Stonehaven Road,78230
AVAILABLE,9606 Dove Shadow,78230
AVAILABLE,9203 Warriors Creek,78230
AVAILABLE,10006 Tioga Drive,78230
AVAILABLE,3427 Nantucket Drive,78230
AVAILABLE,3307 Nantucket Drive,78230
AVAILABLE,9715 Mid Walk Drive,78230
AVAILABLE,10231 Bull Run Drive,78230
AVAILABLE,10211 Tioga Drive,78230
AVAILABLE,3426 Triola Drive,78230
AVAILABLE,3218 Clearfield Drive,78230
AVAILABLE,3130 Colony Drive,78230
AVAILABLE,10303 Dreamland Drive,78230
AVAILABLE,3507 Backbay Drive,78230
AVAILABLE,3038 Clearfield Drive,78230
AVAILABLE,3019 Nantucket Drive,78230
AVAILABLE,7846 Caston Park Drive,78249
AVAILABLE,11202 Spring Rain,78249
AVAILABLE,7182 Spring Terrace Drive,78249
AVAILABLE,7642 Parkwood Way,78249
AVAILABLE,11086 Cedar Park,78249
AVAILABLE,7727 Oakhill Park Drive,78249
AVAILABLE,7106 Spring Drops Street,78249
AVAILABLE,7223 Autumn Park,78249
AVAILABLE,11713 Spring Dale Drive,78249
AVAILABLE,7427 Rainfall Park,78249
AVAILABLE,12855 Hunting Hawk,78249
AVAILABLE,12318 Stable Square Drive,78249
AVAILABLE,12307 Capeswood Street,78249
AVAILABLE,13027 Woller Path,78249
AVAILABLE,7531 Eagle Ledge,78249
AVAILABLE,6344 Robinsnest Drive,78249
AVAILABLE,6119 Dusty Trail,78249
AVAILABLE,13131 Regency Trail,78249
AVAILABLE,13135 Willowthorn Lane,78249
AVAILABLE,13231 Hopkins Glade,78249
AVAILABLE,13223 Asbury Vista,78249
AVAILABLE,327 Goodrich,78207
AVAILABLE,9227 Rhett Road,78251
AVAILABLE,7842 Lanerose Place,78251
AVAILABLE,6039 Seacroft Drive,78238
AVAILABLE,2822 Aspen Meadow,78238
AVAILABLE,5710 Sun Canyon Drive,78244
AVAILABLE,4302 Enfield Bluff,78251
AVAILABLE,4406 Tranquil Creek,78251
AVAILABLE,5114 Dagger Flats,78244
AVAILABLE,9850 Gazelle Ford,78251
AVAILABLE,8059 Dove Flight Street,78250
AVAILABLE,8919 Hambledon Drive,78250
AVAILABLE,5919 Cliff Trail Drive,78250
AVAILABLE,9508 Elm Glen,78250
AVAILABLE,7502 Linfield,78238
AVAILABLE,4606 Allegheny Drive,78229
AVAILABLE,7118 Azalea Square,78218
AVAILABLE,7335 Circle Farm,78239
AVAILABLE,7204 Hardesty,78250
AVAILABLE,9619 Maidenstone Drive,78250
AVAILABLE,9407 Silent Oaks,78250
AVAILABLE,8832 Silent Oaks,78250
AVAILABLE,7310 Desilu Drive,78240
AVAILABLE,107 Cyril Drive,78218
AVAILABLE,5238 Prince Valiant,78218
AVAILABLE,7707 Branston,78250
AVAILABLE,7914 Sumac Ridge,78250
AVAILABLE,6911 John Marshall Street,78240
AVAILABLE,8234 White Oak Drive,78230
AVAILABLE,8807 Brigadoon Street,78254
AVAILABLE,9311 Caen,78250
AVAILABLE,8611 London Heights,78254
AVAILABLE,8146 Pemberton Street,78254
AVAILABLE,9114 Fairland Street,78230
AVAILABLE,2619 Old Gate Road,78230
AVAILABLE,8722 Rustling Meadows,78254
AVAILABLE,10206 Bull Run Drive,78230
AVAILABLE,3138 Colony Drive,78230
AVAILABLE,10519 Stone Creek Place,78254
AVAILABLE,10703 Rivera Cove,78249
AVAILABLE,6919 Barrington Court,78249
AVAILABLE,6119 Spring Time Drive,78249
AVAILABLE,7334 Bluestone Road,78249
AVAILABLE,5242 Colton Creek,78251
AVAILABLE,8782 Timber Point Street,78250
AVAILABLE,5939 Cliff Trail Drive,78250
AVAILABLE,6710 Desilu Drive,78240
AVAILABLE,4606 Lyceum Drive,78229
AVAILABLE,7236 Hardesty,78250
AVAILABLE,9627 Wicklow Drive,78250
AVAILABLE,7103 Blazewood,78250
AVAILABLE,7419 Silent Path,78250
AVAILABLE,6350 Scrub Jay,78240
AVAILABLE,9002 Brickwood,78250
AVAILABLE,8315 Exbourne Street,78250
AVAILABLE,7739 Branston,78250
AVAILABLE,8714 Redbud Woods,78250
AVAILABLE,6461 Maverick Trail Drive,78240
AVAILABLE,8211 Devlin Point,78240
AVAILABLE,8319 White Oak,78230
AVAILABLE,9407 Bouleau,78254
AVAILABLE,8831 Brigadoon Street,78254
AVAILABLE,8146 Pemberton Street,78254
AVAILABLE,8919 Hetherington Drive,78240
AVAILABLE,9110 Serene Creek Drive,78230
AVAILABLE,2531 Old Orchard Lane,78230
AVAILABLE,9602 Barbwire,78254
AVAILABLE,9910 Tezel Road,78254
AVAILABLE,3607 Ticonderoga Drive,78230
AVAILABLE,3123 Colony Drive,78230
AVAILABLE,10411 Burr Oak Drive,78230
AVAILABLE,9427 Wildstone Place,78254
AVAILABLE,8038 River Valley,78249
AVAILABLE,11211 Talbot Square,78249
AVAILABLE,4015 Flint Hill Street,78230
AVAILABLE,2810 Whisper Hill Street,78230
AVAILABLE,8114 Rolling River,78249
AVAILABLE,11314 Sequoia Wood,78249
AVAILABLE,11806 Ocean Spring,78249
AVAILABLE,1814 Enero Park,78230
AVAILABLE,7314 Red Deer Pass,78249
AVAILABLE,12515 Valle Dezavala,78249
AVAILABLE,4829 Fred May Drive,78229
AVAILABLE,5423 Merkens Drive,78229
AVAILABLE,4923 East Beverly Mae Drive,78229
AVAILABLE,5203 King Edward Street,78229
AVAILABLE,4830 East Beverly Mae Drive,78229
AVAILABLE,4727 Lorelei Drive,78229
AVAILABLE,4502 Duquesne Drive,78229
AVAILABLE,7106 West Beverly Mae Drive,78229
AVAILABLE,4823 Betty Lou Drive,78229
AVAILABLE,3106 Sage Hill Drive,78230
AVAILABLE,7910 Windlake Drive,78230
AVAILABLE,3006 Greenacres Street,78230
AVAILABLE,3119 Shady Springs Drive,78230
AVAILABLE,3411 Maywood Drive,78230
AVAILABLE,8327 White Oak Drive,78230
AVAILABLE,8315 Grey Knoll Drive,78230
AVAILABLE,3258 Rock Creek Run Street,78230
AVAILABLE,9123 Powhatan Drive,78230
AVAILABLE,3415 Northmoor Street,78230
AVAILABLE,3615 Rock Creek Run Street,78230
AVAILABLE,3130 Twisted Creek Street,78230
AVAILABLE,2915 Deer Ledge Drive,78230
AVAILABLE,9103 Callaghan Road,78230
AVAILABLE,2619 Old Gate Road,78230
AVAILABLE,2511 Old Brook Lane,78230
AVAILABLE,3619 Betsy Ross Drive,78230
AVAILABLE,3514 Litchfield Street,78230
AVAILABLE,9511 Burwick Drive,78230
AVAILABLE,9431 Callaghan Road,78230
AVAILABLE,9103 Honey Creek Drive,78230
AVAILABLE,3727 Newrock Drive,78230
AVAILABLE,9906 Tioga Drive,78230
AVAILABLE,3230 Litchfield Street,78230
AVAILABLE,9826 Greentree Street,78230
AVAILABLE,3627 Falls Creek Drive,78230
AVAILABLE,3231 Colony Drive,78230
AVAILABLE,3414 Quakertown Drive,78230
AVAILABLE,10215 Vernlyn Drive,78230
AVAILABLE,10207 Charter Ridge,78230
AVAILABLE,10406 Annapolis Drive,78230
AVAILABLE,3606 Lakefield Street,78230
AVAILABLE,3103 Colony Drive,78230
AVAILABLE,10515 Auldine Drive,78230
AVAILABLE,3030 Charter Rock Street,78230
AVAILABLE,10602 Burr Oak Drive,78230
AVAILABLE,3647 Mapleton Drive,78230
AVAILABLE,10902 Brocks Gap Street,78230
AVAILABLE,10523 Tioga Drive,78230
AVAILABLE,10414 Redlawn Drive,78230
AVAILABLE,10815 Teton Lane,78230
AVAILABLE,3011 Clearfield Drive,78230
AVAILABLE,10610 Moss Bank Lane,78230
AVAILABLE,10806 Whisper Valley Street,78230
AVAILABLE,10903 Janet Lee Drive,78230
AVAILABLE,10903 Wedgewood Drive,78230
AVAILABLE,4315 Millstead Street,78230
AVAILABLE,4030 Goshen Pass Street,78230
AVAILABLE,3534 Wellsprings Drive,78230
AVAILABLE,3431 Sugar Hill Drive,78230
AVAILABLE,10410 Ethan Allen Street,78230
AVAILABLE,11203 Janet Lee Drive,78230
AVAILABLE,11131 Auldine Drive,78230
AVAILABLE,4015 Flint Hill Street,78230
AVAILABLE,3414 Wellsprings Drive,78230
AVAILABLE,3414 River North Drive,78230
AVAILABLE,11522 Whisper Bluff Street,78230
AVAILABLE,11511 Whisper Ledge,78230
AVAILABLE,11015 Huebner Oaks,78230
AVAILABLE,11619 Whisper Valley Street,78230
AVAILABLE,1922 Emerald Mist,78230
AVAILABLE,1911 Rialto Way,78230
AVAILABLE,14135 Cougar Rock Drive,78230
AVAILABLE,14214 Edge Point Drive,78230
AVAILABLE,2143 Cougar Pass Drive,78230
AVAILABLE,2210 Indian Meadows Drive,78230
AVAILABLE,2131 Border Mill,78230
AVAILABLE,14414 Cedar Glade,78230
AVAILABLE,6149 John Chapman,78240
AVAILABLE,19 Rainy Avenue,78240
AVAILABLE,78 Coastal Lane,78240
AVAILABLE,8210 Sam Snead Street,78240
AVAILABLE,7930 Parkland Green Drive,78240
AVAILABLE,8211 Kyle Rote Street,78240
AVAILABLE,8239 Devlin Point,78240
AVAILABLE,8315 Border Knoll Drive,78240
AVAILABLE,6323 Mustang Point Drive,78240
AVAILABLE,6441 Maverick Oak Drive,78240
AVAILABLE,8503 Slimwood Drive,78240
AVAILABLE,7438 Stonefruit Street,78240
AVAILABLE,8718 Thatch Drive,78240
AVAILABLE,8915 John Barrett Drive,78240
AVAILABLE,7402 Thomas Broughton Court,78240
AVAILABLE,7403 Brian Clarke Street,78240
AVAILABLE,7114 Western Skies,78240
AVAILABLE,7323 Jasons Place,78240
AVAILABLE,7126 Shady Elms,78240
AVAILABLE,10515 Westfield Place,78240
AVAILABLE,10607 Sandy Trail Drive,78240
AVAILABLE,6701 Country Breeze,78240
AVAILABLE,479 Surrels Avenue,78228
AVAILABLE,6006 Lockend Street,78238
AVAILABLE,1415 San Andreas Street,78228
AVAILABLE,5350 San Simeon Drive,78228
AVAILABLE,5302 San Simeon Drive,78228
AVAILABLE,5414 San Simeon Drive,78228
AVAILABLE,5207 Rita Avenue,78228
AVAILABLE,5027 Rita Avenue,78228
AVAILABLE,4907 Rita Avenue,78228
AVAILABLE,6039 Millbank Drive,78238
AVAILABLE,1507 Moortown Drive,78238
AVAILABLE,6003 Highfield Street,78238
AVAILABLE,1426 Melissa Sue,78228
AVAILABLE,1615 San Andreas Street,78228
AVAILABLE,5351 Cervantes,78228
AVAILABLE,5411 Cervantes,78228
AVAILABLE,5303 Cervantes,78228
AVAILABLE,5027 Bartmer Avenue,78228
AVAILABLE,4927 Bartmer Avenue,78228
AVAILABLE,6143 Topcroft Drive,78238
AVAILABLE,5935 Paddock Drive,78238
AVAILABLE,5522 Calistoga Street,78228
AVAILABLE,5406 Calistoga Street,78228
AVAILABLE,5350 Calistoga Street,78228
AVAILABLE,5302 Calistoga Street,78228
AVAILABLE,5203 Bluff Street,78228
AVAILABLE,5026 Blessing Street,78228
AVAILABLE,4926 Blessing Street,78228
AVAILABLE,2102 Davy Crockett Drive,78238
AVAILABLE,2003 Darwin Drive,78228
AVAILABLE,5530 Hemphill Drive,78228
AVAILABLE,5026 Hemphill Drive,78228
AVAILABLE,4926 Hemphill Drive,78228
AVAILABLE,6330 Viva Max Drive,78238
AVAILABLE,2134 War Dance Street,78238
AVAILABLE,6035 Viva Max Drive,78238
AVAILABLE,5818 Bennington Drive,78228
AVAILABLE,5639 Kingswood Street,78228
AVAILABLE,5606 Kingswood Street,78228
AVAILABLE,5503 Kingswood Street,78228
AVAILABLE,5215 Overpool Street,78228
AVAILABLE,2203 Chesterhill Street,78228
AVAILABLE,5123 Overpool Street,78228
AVAILABLE,4930 Flint Street,78228
AVAILABLE,2403 Town Ridge Drive,78238
AVAILABLE,2327 Town Grove Drive,78238
AVAILABLE,2327 Town Breeze Street,78238
AVAILABLE,5827 Cayuga Drive,78228
AVAILABLE,5643 Brookhill Street,78228
AVAILABLE,5507 Brookhill Street,78228
AVAILABLE,5607 Brookhill Street,78228
AVAILABLE,5226 Ivanhoe Street,78228
AVAILABLE,5118 Ivanhoe Street,78228
AVAILABLE,4926 Ivanhoe Street,78228
AVAILABLE,2902 Wacos Drive,78238
AVAILABLE,2619 Dennler Drive,78238
AVAILABLE,6206 Baer Trail,78238
AVAILABLE,2515 Townfield Drive,78238
AVAILABLE,5906 Sloan Drive,78228
AVAILABLE,5823 Sloan Drive,78228
AVAILABLE,2514 Bar Harbor Drive,78228
AVAILABLE,5119 Saint Leonard Street,78228
AVAILABLE,2526 Lake Louise Drive,78228
AVAILABLE,2923 Wacos Drive,78238
AVAILABLE,2910 War Feather,78238
AVAILABLE,2802 Aspen Meadow,78238
AVAILABLE,6203 Pow Wow Drive,78238
AVAILABLE,3003 War Knife Street,78238
AVAILABLE,5910 Kepler Drive,78228
AVAILABLE,2710 Darwin Drive,78228
AVAILABLE,2739 Wheatfield Drive,78228
AVAILABLE,5423 Shivalik Way,78228
AVAILABLE,5214 Wapiti Trail,78228
AVAILABLE,3111 Wacos Drive,78238
AVAILABLE,6406 Ingram Road,78238
AVAILABLE,6218 Ingram Road,78238
AVAILABLE,5903 Fermi Drive,78228
AVAILABLE,5935 Fermi Drive,78228
AVAILABLE,3318 Shady Springs Drive,78230
AVAILABLE,2930 Shadow Bend Drive,78230
AVAILABLE,3219 Leewood Drive,78230
AVAILABLE,8418 Hidden Meadow Lane,78230
AVAILABLE,3406 Fallen Leaf Lane,78230
AVAILABLE,8512 Rockmoor,78230
AVAILABLE,9126 Powhatan Drive,78230
AVAILABLE,9002 Rock Cliff Road,78230
AVAILABLE,3742 Litchfield Street,78230
AVAILABLE,3403 Northmoor Street,78230
AVAILABLE,9215 Bingham Street,78230
AVAILABLE,3118 Twisted Creek Street,78230
AVAILABLE,2822 Cork Cove Street,78230
AVAILABLE,9117 Oak Downs Drive,78230
AVAILABLE,902 Northcrest Drive,78213
AVAILABLE,3603 Prince George Drive,78230
AVAILABLE,3731 William Penn Drive,78230
AVAILABLE,3422 Buckhaven Street,78230
AVAILABLE,9239 Warriors Creek,78230
AVAILABLE,2822 Squaw Creek Drive,78230
AVAILABLE,9306 Oak Downs Drive,78230
AVAILABLE,1011 Homeric Drive,78213
AVAILABLE,902 Mount Kisco Drive,78213
AVAILABLE,3415 Old Forge,78230
AVAILABLE,3714 Chartwell Drive,78230
AVAILABLE,3215 Litchfield Street,78230
AVAILABLE,1331 Lockhill Selma Road,78213
AVAILABLE,1022 Grey Oak Drive,78213
AVAILABLE,344 Prinz Drive,78213
AVAILABLE,614 Booth Drive,78216
AVAILABLE,415 Northvalley Drive,78216
AVAILABLE,3703 Ticonderoga Drive,78230
AVAILABLE,3406 Clearfield Drive,78230
AVAILABLE,3218 Quakertown Drive,78230
AVAILABLE,10210 Charter Ridge,78230
AVAILABLE,10314 Dreamland Drive,78230
AVAILABLE,5420 Lancashire Drive,78230
AVAILABLE,10318 Burr Oak Drive,78230
AVAILABLE,1407 Grey Oak Drive,78213
AVAILABLE,1110 Curlew Drive,78213
AVAILABLE,730 President Drive,78216
AVAILABLE,622 Mauze Drive,78216
AVAILABLE,430 Indigo Drive,78216
AVAILABLE,218 Serenade Drive,78216
AVAILABLE,10422 Apple Gate Drive,78230
AVAILABLE,10603 Lands Run Drive,78230
AVAILABLE,3523 Lakefield Street,78230
AVAILABLE,10422 Rockland Drive,78230
AVAILABLE,3015 Charter Crest Street,78230
AVAILABLE,10614 Burr Oak Drive,78230
AVAILABLE,10606 Mount Marcy,78213
AVAILABLE,10607 Mount Ida,78213
AVAILABLE,1014 Cerro Alto Drive,78213
AVAILABLE,423 Tammy Drive,78216
AVAILABLE,619 Indigo Drive,78216
AVAILABLE,302 Enchanted Drive,78216
AVAILABLE,4259 Goshen Pass Street,78230
AVAILABLE,10918 Brocks Gap Street,78230
AVAILABLE,3646 Minthill Drive,78230
AVAILABLE,10526 Tioga Drive,78230
AVAILABLE,10407 New England,78230
AVAILABLE,11014 Dreamland Drive,78230
AVAILABLE,10819 Windy Oaks Street,78230
AVAILABLE,11014 Cedar Elm Drive,78230
AVAILABLE,10919 Wedgewood Drive,78230
AVAILABLE,10919 Mount Ida,78213
AVAILABLE,10907 Silhouette Street,78216
AVAILABLE,523 Patricia,78216
AVAILABLE,214 Summertime Drive,78216
AVAILABLE,119 Fantasia Drive,78216
AVAILABLE,4126 Dunmore Drive,78230
AVAILABLE,4010 Goshen Pass Street,78230
AVAILABLE,3410 Tree Hill Street,78230
AVAILABLE,3499 River North Drive,78230
AVAILABLE,3514 Wellsprings Drive,78230
AVAILABLE,3206 Whisper Bells Street,78230
AVAILABLE,11222 Whisper Falls Street,78230
AVAILABLE,11231 Whisper Willow Street,78230
AVAILABLE,10919 Whispering Wind Street,78230
AVAILABLE,11310 Dreamland Drive,78230
AVAILABLE,919 Serenade Drive,78213
AVAILABLE,956 Serenade Drive,78213
AVAILABLE,818 Serenade Drive,78216
AVAILABLE,626 Patricia,78216
AVAILABLE,410 Fantasia Drive,78216
AVAILABLE,214 West Silver Sands Drive,78216
AVAILABLE,4103 Spotswood Trail,78230
AVAILABLE,11431 Clifton Forge Street,78230
AVAILABLE,11527 Whisper Breeze Street,78230
AVAILABLE,11434 Whisper Green Street,78230
AVAILABLE,11515 Whisper Circle,78230
AVAILABLE,2818 Whisper Hill Street,78230
AVAILABLE,811 Firefly Street,78216
AVAILABLE,11601 Intrigue Drive,78216
AVAILABLE,11603 Raindrop Drive,78216
AVAILABLE,11705 Whisper Valley Street,78230
AVAILABLE,11831 Sandman Drive,78216
AVAILABLE,626 Briar Oak Lane,78216
AVAILABLE,11902 4 Colonies,78249
AVAILABLE,2002 Marlinton Way,78230
AVAILABLE,1907 Emerald Mist,78230
AVAILABLE,856 Rhapsody Drive,78216
AVAILABLE,12318 Hart Cliff,78249
AVAILABLE,12722 Castle Bend Street,78230
AVAILABLE,3010 Rebel Run Street,78230
AVAILABLE,12346 Hart Crest,78249
AVAILABLE,2223 Indian Meadows Drive,78230
AVAILABLE,12902 Legend Cave Drive,78230
AVAILABLE,4014 Legend Creek Drive,78230
AVAILABLE,13121 Hunters Ledge,78230
AVAILABLE,13018 Hunters Ledge,78230
AVAILABLE,3502 Hunters Gate,78230
AVAILABLE,12814 Vista Haven,78216
AVAILABLE,4867 Shavano Court,78230
AVAILABLE,3554 Hunters Sound,78230
AVAILABLE,13634 Pebble Oak Drive,78231
AVAILABLE,2342 Wilderness Hill,78231
AVAILABLE,13206 Stairock Street,78248
AVAILABLE,13118 Vista Del Mundo,78216
AVAILABLE,13103 Vista Haven,78216
AVAILABLE,13627 Bluffcircle,78216
AVAILABLE,13706 Bluffcircle,78216
AVAILABLE,415 Arch Bluff,78216
AVAILABLE,5854 Piedmont Glen,78249
AVAILABLE,13323 Syracuse Street,78249
AVAILABLE,4802 De Zavala Road,78249
AVAILABLE,3907 Creek Point,78230
AVAILABLE,13231 Hunters Lark,78230
AVAILABLE,13215 North Hunters Circle,78230
AVAILABLE,13726 Wood Point,78231
AVAILABLE,13654 Princes Knoll,78231
AVAILABLE,1800 Turnmill Street,78248
AVAILABLE,13323 Vista Bonita,78216
AVAILABLE,13418 Vista Del Rey,78216
AVAILABLE,1301 Vista Del Monte,78216
AVAILABLE,206 Bluffcove,78216
AVAILABLE,223 Country Wood Drive,78216
AVAILABLE,407 Bluffcourt,78216
AVAILABLE,13718 Morningbluff Drive,78216
AVAILABLE,4418 Shavano Peak,78230
AVAILABLE,3635 Hunters Pier,78230
AVAILABLE,13275 Hunters View,78230
AVAILABLE,14007 Gray Wing Street,78231
AVAILABLE,14022 Hunters Vale,78230
AVAILABLE,13707 Cedar Canyon,78231
AVAILABLE,13602 Stony Forest Drive,78231
AVAILABLE,13526 Vista Bonita,78216
AVAILABLE,200 Bluff Hollow,78216
AVAILABLE,13803 Bluff Lane,78216
AVAILABLE,335 Woodway Forest,78216
AVAILABLE,300 Wood Valley Drive,78216
AVAILABLE,4834 Rockford Street,78249
AVAILABLE,13910 Syracuse Street,78249
AVAILABLE,13914 Sugarberry Woods Street,78249
AVAILABLE,13915 Parksite Woods,78249
AVAILABLE,14003 Mission Woods Street,78249
AVAILABLE,13814 Shavano Wind,78230
AVAILABLE,2919 Oak Falls,78231
AVAILABLE,14043 Fairoak Crossing,78231
AVAILABLE,14007 Cluster Oak,78231
AVAILABLE,14330 Hill Prince Street,78248
AVAILABLE,14319 Citation Street,78248
AVAILABLE,13906 Bluff Lane,78216
AVAILABLE,4507 Shavano Woods,78249
AVAILABLE,14216 Brenton Woods,78249
AVAILABLE,14319 Shavano Place,78249
AVAILABLE,14210 Indian Woods,78249
AVAILABLE,14402 Tara Oak Street,78231
AVAILABLE,14315 Chimney House Lane,78231
AVAILABLE,14131 Woodstream,78231
AVAILABLE,14627 Reigh Count,78248
AVAILABLE,14107 Bluff Grove Drive,78216
AVAILABLE,4507 Black Walnut Woods Street,78249
AVAILABLE,4534 Black Walnut Woods Street,78249
AVAILABLE,4251 Shadow Elm Woods,78249
AVAILABLE,2322 Kelso,78248
AVAILABLE,14611 Dauber,78248
AVAILABLE,14807 Nashwa,78248
AVAILABLE,4630 Green Willow Woods,78249
AVAILABLE,14614 Bitternut Woods,78249
AVAILABLE,14818 Adios,78248
AVAILABLE,15707 Eagle Cliff Street,78232
AVAILABLE,15701 Bright Star Street,78232
AVAILABLE,14742 Hidden Glen Woods,78249
AVAILABLE,4527 Black Oak Woods,78249
AVAILABLE,15207 Antler Creek Drive,78248
AVAILABLE,15831 Eagle Cliff Street,78232
AVAILABLE,1746 Fox Tree Lane,78248
AVAILABLE,15623 Partridge Trail,78232
AVAILABLE,15810 Wilderness Parkway,78232
AVAILABLE,806 Sugar Pine Drive,78232
AVAILABLE,14930 Hidden Glen Woods,78249
AVAILABLE,15410 Fallow Ridge Drive,78248
AVAILABLE,15502 Cloud Top,78248
AVAILABLE,1023 Arizona Ash Street,78232
AVAILABLE,827 Silver Spruce Street,78232
AVAILABLE,607 Morning Hill,78232
AVAILABLE,626 Many Oaks Street,78232
AVAILABLE,15678 Dove Meadow Street,78248
AVAILABLE,15539 Dawn Crest,78248
AVAILABLE,15647 Dawn Crest,78248
AVAILABLE,1503 Stag Meadow Street,78248
AVAILABLE,527 Willow Grove Drive,78245
AVAILABLE,1014 Bridle Forest,78245
AVAILABLE,1006 Ericson Drive,78245
AVAILABLE,1009 Truman Street,78245
AVAILABLE,9842 Mill River Square,78245
AVAILABLE,9803 Heritage Farm,78245
AVAILABLE,766 Sawtooth Drive,78245
AVAILABLE,9739 Heritage Farm,78245
AVAILABLE,10311 Medio Creek,78245
AVAILABLE,10419 Fork Creek,78245
AVAILABLE,830 Trappers Run Street,78245
AVAILABLE,9731 Gold Dust Street,78245
AVAILABLE,9602 Gold Dust Street,78245
AVAILABLE,9407 Bear Creek Drive,78245
AVAILABLE,311 Clover Creek,78245
AVAILABLE,646 South Ellison Drive,78245
AVAILABLE,702 Cypressfield Drive,78245
AVAILABLE,9711 Sugarloaf Drive,78245
AVAILABLE,10107 Cedarvale Drive,78245
AVAILABLE,735 Heritage Way,78245
AVAILABLE,615 Cypresscliff Drive,78245
AVAILABLE,9422 San Fidel Rio,78245
AVAILABLE,11423 Remsen Street,78251
AVAILABLE,10706 Tiger Grove,78251
AVAILABLE,467 Bobcat Hollow,78251
AVAILABLE,11622 Old Hills Lane,78251
AVAILABLE,903 Magnolia Hill,78251
AVAILABLE,1735 Rebeccas Trail,78251
AVAILABLE,9451 Fall Pass Street,78251
AVAILABLE,11726 Bridge Hampton,78251
AVAILABLE,10439 Lion Moon,78251
AVAILABLE,9730 Buffalo Peak,78251
AVAILABLE,10827 Deepwater Bay,78251
AVAILABLE,10314 Lynx Crossing,78251
AVAILABLE,11823 Queenspoint Drive,78251
AVAILABLE,11827 Rousseau Street,78251
AVAILABLE,1519 Copperfield Road,78251
AVAILABLE,1618 Rob Roy Lane,78251
AVAILABLE,1646 Rob Roy Lane,78251
AVAILABLE,1723 Copperfield Road,78251
AVAILABLE,1715 County Cork Road,78251
AVAILABLE,1803 Copperfield Road,78251
AVAILABLE,11602 Wensledale Circle,78251
AVAILABLE,2002 Encino Vista,78259
AVAILABLE,19930 Encino Moss Street,78259
AVAILABLE,20015 Park Bluff Street,78259
AVAILABLE,20011 Park Ranch,78259
AVAILABLE,19939 Encino Ridge Street,78259
AVAILABLE,19958 Park Ranch,78259
AVAILABLE,1950 Creek Mountain Street,78259
AVAILABLE,1903 Creek Hollow,78259
AVAILABLE,2134 Oak Peak,78259
AVAILABLE,20011 Encino Cabin,78259
AVAILABLE,2309 Encino Point,78259
AVAILABLE,21139 Malibu Colony,78259
AVAILABLE,21134 Marin Hills,78259
AVAILABLE,2710 Montebello,78259
AVAILABLE,21418 Encino Caliza,78259
AVAILABLE,2815 Rancho Mirage,78259
AVAILABLE,3103 Ambar Cala,78259
AVAILABLE,2715 Encino River,78259
AVAILABLE,3403 Maitland,78259
AVAILABLE,3530 Westmark,78259
AVAILABLE,21711 Luisa,78259
AVAILABLE,3538 Salano,78259
AVAILABLE,3214 Gazelle Range,78259
